<?xml version="1.0" encoding="UTF-8"?>
<project-private xmlns="http://www.netbeans.org/ns/project-private/1">
    <editor-bookmarks xmlns="http://www.netbeans.org/ns/editor-bookmarks/2" lastBookmarkId="0"/>
    <open-files xmlns="http://www.netbeans.org/ns/projectui-open-files/2">
        <group>
            <file>file:/E:/Documents/NetBeansProjects/quiz1/src/quiz1/Quiz1.java</file>
            <file>file:/E:/Documents/NetBeansProjects/quiz1/src/controller/Canasta.java</file>
            <file>file:/E:/Documents/NetBeansProjects/quiz1/src/model/Pan.java</file>
        </group>
    </open-files>
</project-private>
